{
  "users": [
    {
      "name": "maheshn@cybage.com",
      "pwd": "123",
      "id": 1
    },
    {
      "name": "aj@gmail.com",
      "pwd": "12345",
      "id": 2
    },
    {
      "name": "jayesh@cybage.com",
      "pwd": "jayesh",
      "id": 3
    },
    {
      "name": "rgrg@th",
      "pwd": "523",
      "id": 4
    },
    {
      "name": "",
      "pwd": "",
      "id": 5
    },
    {
      "name": "dgfhgj@gmail.com",
      "pwd": "784526",
      "id": 6
    },
    {
      "name": "dgfhgj@gmail.com",
      "pwd": "",
      "id": 10
    },
    {
      "name": "dyneshwarmi@cybgae.com",
      "pwd": "qwert",
      "id": 11
    },
    {
      "title": "dfghyjk",
      "question": "dfghjk",
      "id": 12
    },
    {
      "title": "123456",
      "question": "23efdc",
      "id": 13
    },
    {
      "title": "234",
      "question": "345",
      "id": 14
    },
    {
      "id": 15
    }
  ],
 
  
  "profile": {
    "name": "typicode"
  }
}